카테고리: 모든 카테고리,,
,,
??arthralgia covid: (미국),,
3/1/2020,0,0
3/2/2020,0,0
3/3/2020,0,0
3/4/2020,0,0
3/5/2020,0,0
3/6/2020,0,0
3/7/2020,0,0
3/8/2020,0,0
3/9/2020,0,0
3/10/2020,0,0
3/11/2020,100,1
3/12/2020,0,0
3/13/2020,0,0
3/14/2020,0,0
3/15/2020,0,0
3/16/2020,0,0
3/17/2020,0,0
3/18/2020,0,0
3/19/2020,0,0
3/20/2020,49,1
3/21/2020,0,0
3/22/2020,0,0
3/23/2020,46,1
3/24/2020,0,0
3/25/2020,0,0
3/26/2020,0,0
3/27/2020,0,0
3/28/2020,0,0
3/29/2020,0,0
3/30/2020,0,0
3/31/2020,0,0
4/1/2020,0,0
4/2/2020,0,0
4/3/2020,0,0
4/4/2020,0,0
4/5/2020,0,0
4/6/2020,0,0
4/7/2020,0,0
4/8/2020,0,0
4/9/2020,48,1
4/10/2020,0,0
4/11/2020,0,0
4/12/2020,0,0
4/13/2020,0,0
4/14/2020,0,0
4/15/2020,0,0
4/16/2020,0,0
4/17/2020,0,0
4/18/2020,0,0
4/19/2020,0,0
4/20/2020,0,0
4/21/2020,46,1
4/22/2020,0,0
4/23/2020,0,0
4/24/2020,0,0
4/25/2020,0,0
4/26/2020,0,0
4/27/2020,0,0
4/28/2020,0,0
4/29/2020,0,0
4/30/2020,0,0
5/1/2020,47,1
5/2/2020,0,0
5/3/2020,0,0
5/4/2020,47,1
5/5/2020,0,0
5/6/2020,0,0
5/7/2020,0,0
5/8/2020,0,0
5/9/2020,0,0
5/10/2020,56,1
5/11/2020,0,0
5/12/2020,0,0
5/13/2020,0,0
5/14/2020,0,0
5/15/2020,0,0
5/16/2020,0,0
5/17/2020,0,0
5/18/2020,0,0
5/19/2020,47,1
5/20/2020,0,0
5/21/2020,0,0
5/22/2020,0,0
5/23/2020,0,0
5/24/2020,0,0
5/25/2020,0,0
5/26/2020,0,0
5/27/2020,0,0
5/28/2020,0,0
5/29/2020,0,0
5/30/2020,0,0
5/31/2020,0,0
6/1/2020,0,0
6/2/2020,0,0
6/3/2020,0,0
6/4/2020,0,0
6/5/2020,0,0
6/6/2020,0,0
6/7/2020,0,0
6/8/2020,0,0
6/9/2020,0,0
6/10/2020,0,0
6/11/2020,0,0
6/12/2020,0,0
6/13/2020,0,0
6/14/2020,0,0
6/15/2020,50,1
6/16/2020,0,0
6/17/2020,0,0
6/18/2020,0,0
6/19/2020,0,0
6/20/2020,0,0
6/21/2020,0,0
6/22/2020,0,0
6/23/2020,0,0
6/24/2020,0,0
6/25/2020,0,0
6/26/2020,0,0
6/27/2020,0,0
6/28/2020,0,0
6/29/2020,0,0
6/30/2020,0,0
7/1/2020,0,0
7/2/2020,0,0
7/3/2020,0,0
7/4/2020,0,0
7/5/2020,0,0
7/6/2020,0,0
7/7/2020,0,0
7/8/2020,0,0
7/9/2020,0,0
7/10/2020,0,0
7/11/2020,0,0
7/12/2020,0,0
7/13/2020,52,1
7/14/2020,0,0
7/15/2020,0,0
7/16/2020,0,0
7/17/2020,0,0
7/18/2020,0,0
7/19/2020,0,0
7/20/2020,0,0
7/21/2020,0,0
7/22/2020,0,0
7/23/2020,0,0
7/24/2020,0,0
7/25/2020,0,0
7/26/2020,0,0
7/27/2020,0,0
7/28/2020,0,0
7/29/2020,0,0
7/30/2020,0,0
7/31/2020,0,0
8/1/2020,0,0
8/2/2020,0,0
8/3/2020,0,0
8/4/2020,0,0
8/5/2020,0,0
8/6/2020,0,0
8/7/2020,55,1
8/8/2020,0,0
8/9/2020,0,0
8/10/2020,0,0
8/11/2020,0,0
8/12/2020,0,0
8/13/2020,0,0
8/14/2020,0,0
8/15/2020,0,0
8/16/2020,0,0
8/17/2020,0,0
8/18/2020,0,0
8/19/2020,0,0
8/20/2020,0,0
8/21/2020,0,0
8/22/2020,61,1
8/23/2020,0,0
8/24/2020,0,0
8/25/2020,0,0
8/26/2020,0,0
8/27/2020,0,0
8/28/2020,0,0
8/29/2020,0,0
8/30/2020,0,0
8/31/2020,0,0
9/1/2020,0,0
9/2/2020,0,0
9/3/2020,0,0
9/4/2020,0,0
9/5/2020,0,0
9/6/2020,0,0
9/7/2020,0,0
9/8/2020,0,0
9/9/2020,48,1
9/10/2020,47,0
9/11/2020,0,0
9/12/2020,0,0
9/13/2020,57,1
9/14/2020,47,0
9/15/2020,49,1
9/16/2020,0,0
9/17/2020,0,0
9/18/2020,0,0
9/19/2020,0,0
9/20/2020,0,0
9/21/2020,0,0
9/22/2020,0,0
9/23/2020,49,1
9/24/2020,0,0
9/25/2020,0,0
9/26/2020,0,0
9/27/2020,0,0
9/28/2020,0,0
9/29/2020,0,0
9/30/2020,0,0
10/1/2020,0,0
10/2/2020,0,0
10/3/2020,0,0
10/4/2020,0,0
10/5/2020,0,0
10/6/2020,0,0
10/7/2020,53,1
10/8/2020,0,0
10/9/2020,0,0
10/10/2020,0,0
10/11/2020,0,0
10/12/2020,0,0
10/13/2020,0,0
10/14/2020,0,0
10/15/2020,0,0
10/16/2020,0,0
10/17/2020,0,0
10/18/2020,0,0
10/19/2020,0,0
10/20/2020,0,0
10/21/2020,0,0
10/22/2020,0,0
10/23/2020,0,0
10/24/2020,0,0
10/25/2020,0,0
10/26/2020,0,0
10/27/2020,0,0
10/28/2020,0,0
10/29/2020,0,0
10/30/2020,0,0
10/31/2020,0,0
